"Y","","","trim430","trim500","trim550","trimother","isOneOwnert","colorother","colorSilver","colorWhite","displacement5.5","displacementother","",""
43995,36858,2008,0,0,1,0,0,0,1,0,1,0,0,0
44995,46883,2012,0,0,1,0,0,0,0,0,0,0,1,1
25999,108759,2007,0,0,1,0,0,0,0,1,1,0,0,0
33880,35187,2007,0,0,1,0,0,0,0,0,1,0,1,0
34895,48153,2007,0,0,1,0,0,0,0,0,1,0,1,0
5995,121748,2002,0,1,0,0,0,1,0,0,0,1,0,0
21900,115280,2007,0,0,1,0,0,1,0,0,1,0,0,0
41995,36370,2007,0,0,0,1,0,0,0,0,1,0,1,0
39882,76996,2008,0,0,0,1,0,0,0,0,0,1,1,0
47995,43568,2011,0,0,1,0,0,0,0,0,1,0,1,0
26955,79151,2007,0,0,1,0,0,0,0,0,1,0,1,0
53995,24905,2013,0,0,1,0,0,0,0,0,0,0,1,1
31991,66262,2007,0,0,0,1,1,1,0,0,1,0,0,0
41900,50380,2010,0,0,1,0,0,0,0,0,1,0,1,0
63991,32823,2012,0,0,1,0,1,0,0,1,0,0,0,1
36999,59959,2011,0,0,1,0,0,0,0,0,1,0,1,0
29915,43768,2007,0,0,1,0,0,0,1,0,1,0,0,0
11950,81672,2004,1,0,0,0,0,0,0,0,0,1,1,0
27998,46874,2007,0,0,1,0,1,0,0,1,1,0,0,0
26950,80012,2007,0,0,1,0,0,0,0,0,1,0,1,0
11998,121297,2005,0,1,0,0,0,1,0,0,0,1,0,0
40988,76523,2009,0,0,0,1,1,0,0,0,0,1,1,0
5995,150467,2001,0,1,0,0,0,0,1,0,0,1,0,0
39989,25376,2011,0,0,0,1,0,0,1,0,0,1,0,0
37714,15320,2008,0,0,1,0,0,0,0,1,1,0,0,0
41995,45957,2011,0,0,1,0,0,0,0,0,1,0,1,0
34999,55280,2008,0,0,1,0,0,0,0,0,1,0,1,0
54995,18642,2011,0,0,1,0,0,0,1,0,1,0,0,0
8875,136514,2001,1,0,0,0,0,1,0,0,0,1,0,0
12900,127153,2001,1,0,0,0,0,0,1,0,0,1,0,0
39990,61799,2008,0,0,0,1,0,0,0,1,0,1,0,0
30980,73132,2007,0,0,1,0,0,0,0,0,1,0,1,0
43999,31343,2010,0,0,1,0,0,0,1,0,1,0,0,0
9700,139817,2001,0,1,0,0,0,0,0,0,0,1,1,0
24995,92211,2007,0,0,1,0,0,0,0,0,1,0,1,0
14995,80645,2006,0,0,0,1,0,1,0,0,0,1,0,0
24995,101327,2007,0,0,1,0,0,0,0,0,1,0,1,0
33900,43155,2008,0,0,1,0,1,0,1,0,1,0,0,0
6977,183472,2003,1,0,0,0,0,0,1,0,0,1,0,0
6600,99321,1995,0,1,0,0,0,1,0,0,0,1,0,0
31988,23143,2008,0,0,1,0,0,1,0,0,1,0,0,0
12999,76983,2005,1,0,0,0,0,0,0,0,0,1,1,0
24995,87684,2007,0,0,1,0,0,0,1,0,1,0,0,0
12995,134216,2003,0,0,0,1,0,1,0,0,0,1,0,0
42988,43036,2010,0,0,1,0,0,0,0,1,1,0,0,0
35000,63759,2010,0,0,0,1,0,1,0,0,0,1,0,0
12998,94379,2004,1,0,0,0,0,1,0,0,0,1,0,0
20800,126574,2008,0,0,1,0,0,0,1,0,1,0,0,0
68900,6422,2013,0,0,1,0,1,0,1,0,0,0,0,1
64995,7944,2013,0,0,1,0,0,1,0,0,0,0,0,1
4900,122623,2000,0,1,0,0,0,0,1,0,0,1,0,0
46900,36261,2011,0,0,1,0,1,0,1,0,1,0,0,0
36919,55329,2008,0,0,0,1,0,1,0,0,0,1,0,0
8995,89169,2002,1,0,0,0,0,0,1,0,0,1,0,0
10990,103475,2004,1,0,0,0,0,0,0,1,0,1,0,0
20999,86088,2007,0,0,1,0,0,0,1,0,1,0,0,0
49999,35499,2013,0,0,1,0,1,1,0,0,0,0,0,1
27997,61725,2007,0,0,1,0,0,0,0,0,1,0,1,0
19977,64016,2006,0,1,0,0,0,0,0,1,0,1,0,0
23495,106537,2008,0,0,1,0,0,1,0,0,1,0,0,0
32156,65855,2008,0,0,1,0,0,0,0,1,1,0,0,0
49995,26029,2012,0,0,1,0,0,0,1,0,0,0,0,1
24995,123370,2007,0,0,1,0,0,0,0,1,1,0,0,0
6995,125182,1999,0,1,0,0,0,1,0,0,0,1,0,0
42500,18803,2010,0,0,1,0,1,0,0,0,1,0,1,0
5838,189001,2000,1,0,0,0,0,0,1,0,0,1,0,0
74895,28414,2008,0,0,0,1,0,0,0,0,0,1,1,0
31988,77800,2009,0,0,1,0,0,0,0,0,1,0,1,0
40935,49725,2011,0,0,1,0,0,0,1,0,1,0,0,0
44501,52530,2010,0,0,1,0,0,0,1,0,1,0,0,0
62991,22576,2013,0,0,1,0,1,0,0,0,0,0,1,1
6995,169266,2000,0,1,0,0,0,0,0,1,0,1,0,0
35811,38051,2008,0,0,1,0,1,0,0,1,1,0,0,0
38908,20186,2007,0,0,1,0,1,1,0,0,1,0,0,0
37499,64012,2011,0,0,1,0,0,0,0,0,1,0,1,0
5999,129000,2002,0,1,0,0,0,0,1,0,0,1,0,0
39893,39957,2008,0,0,1,0,0,1,0,0,1,0,0,0
13995,70956,2004,0,1,0,0,0,0,0,0,0,1,1,0
39979,64135,2008,0,0,0,1,0,0,0,0,0,1,1,0
9999,128899,2003,1,0,0,0,0,0,1,0,0,1,0,0
59950,22364,2013,0,0,1,0,1,0,1,0,0,0,0,1
17855,65240,2005,0,1,0,0,0,0,1,0,0,1,0,0
34512,64332,2007,0,0,1,0,0,0,0,0,1,0,1,0
39900,48829,2009,0,0,1,0,0,0,0,1,1,0,0,0
40788,46968,2011,0,0,1,0,0,0,0,0,1,0,1,0
12999,126158,2002,1,0,0,0,0,0,0,0,0,1,1,0
54991,21432,2012,0,0,1,0,0,0,0,0,0,0,1,1
8999,147813,2002,0,1,0,0,0,0,0,0,0,1,1,0
27810,75032,2007,0,0,1,0,0,0,0,0,1,0,1,0
7990,124719,2001,0,1,0,0,0,0,1,0,0,1,0,0
2900,214858,1997,0,1,0,0,0,1,0,0,0,1,0,0
54999,15789,2012,0,0,1,0,0,0,0,0,0,0,1,1
9990,80227,2001,1,0,0,0,1,0,1,0,0,1,0,0
59993,27788,2013,0,0,1,0,1,0,0,0,0,0,1,1
37611,48732,2008,0,0,1,0,0,0,0,1,1,0,0,0
14990,58225,2003,1,0,0,0,0,0,0,0,0,1,1,0
39995,49263,2010,0,0,1,0,0,0,1,0,1,0,0,0
11988,101567,2005,1,0,0,0,0,0,1,0,0,1,0,0
31990,62988,2007,0,0,0,1,0,1,0,0,1,0,0,0
34991,47675,2008,0,0,1,0,0,0,0,0,1,0,1,0
62900,15404,2012,0,0,1,0,0,1,0,0,0,0,0,1
69961,27106,2013,0,0,1,0,1,0,0,0,0,0,1,1
44995,38911,2011,0,0,1,0,0,0,0,0,1,0,1,0
7995,103056,2000,0,1,0,0,0,0,0,0,0,1,1,0
79995,27854,2012,0,0,0,1,0,0,0,0,1,0,1,0
35981,63097,2008,0,0,1,0,0,0,1,0,1,0,0,0
23997,71583,2007,0,0,1,0,0,0,0,0,1,0,1,0
57700,29047,2010,0,0,0,1,1,0,0,1,0,1,0,0
50995,40134,2012,0,0,1,0,0,0,1,0,0,0,0,1
24750,96024,2008,0,0,1,0,0,0,1,0,1,0,0,0
39999,54557,2011,0,0,1,0,0,0,0,0,1,0,1,0
9995,145000,2004,1,0,0,0,0,0,0,0,0,1,1,0
27995,105899,2007,0,0,1,0,0,1,0,0,1,0,0,0
11495,96530,2004,0,1,0,0,0,0,1,0,0,1,0,0
47995,55449,2009,0,0,0,1,0,0,0,0,0,1,1,0
38000,40053,2009,0,0,1,0,0,1,0,0,1,0,0,0
27777,79061,2007,0,0,1,0,1,0,1,0,1,0,0,0
44995,43223,2012,0,0,1,0,0,1,0,0,0,0,0,1
4995,252559,2002,1,0,0,0,0,0,1,0,0,1,0,0
36999,40613,2010,0,0,1,0,0,0,1,0,1,0,0,0
11950,97742,2001,0,0,0,1,0,0,0,0,0,1,1,0
59995,12841,2013,0,0,1,0,0,0,0,0,0,0,1,1
34895,65411,2009,0,0,1,0,0,0,0,0,1,0,1,0
10989,53688,2002,1,0,0,0,0,0,1,0,0,1,0,0
4900,122724,1996,0,0,0,1,0,0,0,1,0,1,0,0
68900,12097,2013,0,0,1,0,0,0,0,0,0,0,1,1
33966,84552,2009,0,0,1,0,0,0,0,1,1,0,0,0
40995,29999,2011,0,0,1,0,0,0,0,0,1,0,1,0
43995,48300,2010,0,0,1,0,0,1,0,0,1,0,0,0
1999,194000,2002,1,0,0,0,0,1,0,0,0,1,0,0
34000,77285,2008,0,0,1,0,0,0,0,0,1,0,1,0
73995,4171,2010,0,0,0,1,0,1,0,0,1,0,0,0
29900,76702,2007,0,0,1,0,0,0,0,0,1,0,1,0
15998,97232,2006,1,0,0,0,0,1,0,0,0,1,0,0
29880,89636,2008,0,0,1,0,0,0,0,1,1,0,0,0
49981,36052,2007,0,0,0,1,1,1,0,0,0,1,0,0
16988,99920,2003,0,0,0,1,0,0,1,0,0,1,0,0
6900,106022,2000,1,0,0,0,0,0,0,0,0,1,1,0
31995,84223,2008,0,0,1,0,0,0,0,0,1,0,1,0
4699,138290,1997,0,0,0,1,0,0,0,1,0,1,0,0
20495,127321,2007,0,0,1,0,0,1,0,0,1,0,0,0
69295,17200,2013,0,0,1,0,0,0,0,1,0,0,0,1
14900,182752,2004,1,0,0,0,0,0,0,0,0,1,1,0
8977,155926,2006,0,1,0,0,0,1,0,0,0,1,0,0
20994,107708,2007,0,0,1,0,0,0,1,0,1,0,0,0
16999,68513,2006,1,0,0,0,1,0,0,0,0,1,1,0
39995,54438,2011,0,0,1,0,1,0,0,0,1,0,1,0
15799,82901,2003,0,0,0,1,0,1,0,0,0,1,0,0
18988,78537,2004,0,0,0,1,0,0,0,0,1,0,1,0
25995,87614,2008,0,0,1,0,0,0,0,0,1,0,1,0
35994,50129,2008,0,0,1,0,0,0,0,0,1,0,1,0
33994,68447,2009,0,0,1,0,0,0,0,1,1,0,0,0
51888,59444,2010,0,0,0,1,0,0,0,0,0,1,1,0
8900,42583,1999,0,1,0,0,0,1,0,0,0,1,0,0
43999,35307,2011,0,0,1,0,0,0,0,1,1,0,0,0
15995,81011,2004,0,1,0,0,0,0,1,0,0,1,0,0
54999,20454,2012,0,0,1,0,1,0,0,1,0,0,0,1
43995,15877,2011,0,0,1,0,0,1,0,0,1,0,0,0
51998,48341,2012,0,0,1,0,0,0,0,0,0,0,1,1
38499,55363,2010,0,0,1,0,0,0,0,0,1,0,1,0
24991,64770,2007,0,0,1,0,1,0,1,0,1,0,0,0
39900,29132,2011,0,0,1,0,0,0,0,0,1,0,1,0
36995,40549,2007,0,0,1,0,0,1,0,0,1,0,0,0
18990,101078,2006,0,0,0,1,0,0,1,0,0,1,0,0
29988,67874,2007,0,0,1,0,1,0,0,0,1,0,1,0
4990,150503,2000,0,1,0,0,0,0,0,1,0,1,0,0
5500,169065,2000,1,0,0,0,0,1,0,0,0,1,0,0
65998,41435,2012,0,0,1,0,0,0,0,0,0,0,1,1
34995,45033,2007,0,0,1,0,0,0,0,1,1,0,0,0
45495,38175,2011,0,0,1,0,1,0,0,0,1,0,1,0
8995,144000,2002,0,0,0,1,0,0,0,0,0,1,1,0
55000,13704,2012,0,0,1,0,0,0,0,0,0,0,1,1
19999,53881,2004,0,0,0,1,0,1,0,0,0,1,0,0
5900,144645,2001,1,0,0,0,0,0,1,0,0,1,0,0
76995,23334,2013,0,0,1,0,1,0,0,1,0,0,0,1
12888,111971,2004,0,1,0,0,0,0,0,0,0,1,1,0
30700,79286,2008,0,0,1,0,1,0,0,0,1,0,1,0
37653,54160,2009,0,0,1,0,0,0,0,0,1,0,1,0
6480,132171,1997,0,0,0,1,0,0,1,0,0,1,0,0
43291,63654,2010,0,0,1,0,0,0,0,1,1,0,0,0
28995,76306,2007,0,0,1,0,0,0,0,0,1,0,1,0
14990,103577,2006,0,1,0,0,0,0,0,1,0,1,0,0
36478,74735,2008,0,0,0,1,0,0,0,1,0,1,0,0
29900,40362,2007,0,0,1,0,1,0,1,0,1,0,0,0
45991,38500,2010,0,0,1,0,0,0,0,1,1,0,0,0
7990,151939,2002,0,1,0,0,0,0,1,0,0,1,0,0
57999,12974,2012,0,0,0,1,0,1,0,0,0,1,0,0
55950,19998,2012,0,0,1,0,1,0,0,0,0,0,1,1
55989,40795,2012,0,0,1,0,0,0,1,0,0,0,0,1
38895,45712,2011,0,0,1,0,0,0,0,0,1,0,1,0
16999,71000,2004,0,1,0,0,0,1,0,0,0,1,0,0
13990,111000,2004,0,0,0,1,0,0,0,0,0,1,1,0
40999,48504,2012,0,0,1,0,1,0,1,0,0,0,0,1
26975,74062,2008,0,0,1,0,1,0,0,0,1,0,1,0
24495,78951,2007,0,0,1,0,0,1,0,0,1,0,0,0
10988,112548,2003,0,1,0,0,0,0,1,0,0,1,0,0
59995,24440,2013,0,0,1,0,0,0,0,0,0,0,1,1
28999,82172,2008,0,0,1,0,0,0,0,1,1,0,0,0
7995,104350,2003,1,0,0,0,0,0,0,0,0,1,1,0
5995,129884,2001,1,0,0,0,0,1,0,0,0,1,0,0
12500,111811,2003,0,0,0,1,0,0,1,0,0,1,0,0
34965,70180,2008,0,0,1,0,0,1,0,0,1,0,0,0
25999,110490,2008,0,0,1,0,0,0,0,1,1,0,0,0
25000,129481,2007,0,0,1,0,0,0,1,0,1,0,0,0
32995,79070,2008,0,0,1,0,0,0,0,1,1,0,0,0
8995,209246,2005,0,0,0,1,0,0,1,0,0,1,0,0
52990,24369,2012,0,0,1,0,0,0,1,0,0,0,0,1
56999,35494,2010,0,0,0,1,1,0,1,0,0,1,0,0
59931,31111,2012,0,0,1,0,0,0,0,0,0,0,1,1
13495,95089,2004,0,1,0,0,0,0,0,0,0,1,1,0
8991,92138,1995,0,1,0,0,0,0,0,0,0,1,1,0
6300,155501,2001,1,0,0,0,0,0,0,0,0,1,1,0
63949,14370,2013,0,0,1,0,0,0,0,0,0,0,1,1
29991,69564,2008,0,0,1,0,0,0,0,0,1,0,1,0
7999,125600,2004,1,0,0,0,0,0,0,0,0,1,1,0
29991,65499,2008,0,0,1,0,0,1,0,0,1,0,0,0
31999,70954,2008,0,0,1,0,1,0,0,1,1,0,0,0
44900,53850,2012,0,0,1,0,0,0,0,0,0,0,1,1
10980,153001,2006,0,0,0,1,0,0,0,0,0,1,1,0
39988,27007,2010,0,0,0,1,0,1,0,0,0,1,0,0
49995,17027,2010,0,0,1,0,0,0,0,0,1,0,1,0
25999,39926,2007,0,0,1,0,0,0,0,0,1,0,1,0
27890,75675,2007,0,0,1,0,1,1,0,0,1,0,0,0
39491,60390,2010,0,0,1,0,0,1,0,0,1,0,0,0
33900,36169,2007,0,0,1,0,0,0,0,0,1,0,1,0
8987,140927,2002,0,1,0,0,0,0,1,0,0,1,0,0
7990,83770,2003,1,0,0,0,0,0,1,0,0,1,0,0
11900,138939,2006,1,0,0,0,0,0,0,1,0,1,0,0
40995,18505,2011,0,0,0,1,0,0,1,0,0,1,0,0
5995,163027,1995,0,0,0,1,0,1,0,0,0,1,0,0
28995,49419,2007,0,0,1,0,1,0,0,0,1,0,1,0
8500,85506,2001,0,1,0,0,0,0,1,0,0,1,0,0
6950,140636,2004,1,0,0,0,0,1,0,0,0,1,0,0
28995,73765,2007,0,0,1,0,0,0,0,1,1,0,0,0
62888,23960,2012,0,0,1,0,0,0,0,0,0,0,1,1
9995,120074,2004,1,0,0,0,0,0,0,0,0,1,1,0
66995,14656,2013,0,0,1,0,0,0,0,1,0,0,0,1
34991,64956,2007,0,0,0,1,0,0,0,0,1,0,1,0
35991,52369,2008,0,0,1,0,0,0,0,0,1,0,1,0
47900,40270,2012,0,0,1,0,0,0,0,0,0,0,1,1
26000,93001,2007,0,0,1,0,0,1,0,0,1,0,0,0
56900,27149,2008,0,0,0,1,0,0,0,0,0,1,1,0
43995,59191,2010,0,0,1,0,0,0,1,0,1,0,0,0
26489,91896,2008,0,0,1,0,0,1,0,0,1,0,0,0
35885,105411,2009,0,0,0,1,0,1,0,0,0,1,0,0
28995,87651,2007,0,0,1,0,1,0,0,0,1,0,1,0
42950,46648,2010,0,0,1,0,1,0,0,0,1,0,1,0
64987,36885,2010,0,0,0,1,0,0,0,0,1,0,1,0
44777,52616,2012,0,0,1,0,0,0,0,0,0,0,1,1
9995,94661,2004,1,0,0,0,0,0,1,0,0,1,0,0
22890,97340,2007,0,0,1,0,0,0,0,0,1,0,1,0
21987,109899,2007,0,0,1,0,0,0,0,0,1,0,1,0
3950,194500,1995,0,0,0,1,0,0,1,0,0,1,0,0
8500,81464,2000,0,1,0,0,0,0,0,0,0,1,1,0
48995,48731,2009,0,0,0,1,0,0,0,0,0,1,1,0
4995,123444,1998,0,0,0,1,0,0,0,0,0,1,1,0
45995,31997,2010,0,0,1,0,1,0,1,0,1,0,0,0
58995,26661,2012,0,0,1,0,0,0,0,1,0,0,0,1
13900,99614,2006,1,0,0,0,0,1,0,0,0,1,0,0
2700,255419,1998,0,0,0,1,0,0,0,0,0,1,1,0
55998,13390,2012,0,0,1,0,0,0,0,0,0,0,1,1
11980,100970,2002,1,0,0,0,0,0,1,0,0,1,0,0
26900,112810,2007,0,0,1,0,0,0,0,0,1,0,1,0
7995,103839,2002,1,0,0,0,0,1,0,0,0,1,0,0
33995,50735,2007,0,0,1,0,0,1,0,0,1,0,0,0
11980,77906,2000,0,1,0,0,0,0,0,0,0,1,1,0
28995,81034,2008,0,0,1,0,0,1,0,0,1,0,0,0
7994,62465,2001,1,0,0,0,0,0,1,0,0,1,0,0
10991,84283,2001,1,0,0,0,0,1,0,0,0,1,0,0
48999,31635,2007,0,0,1,0,0,0,0,1,1,0,0,0
18995,64063,2006,0,1,0,0,1,0,0,1,0,1,0,0
39991,83869,2009,0,0,1,0,0,0,1,0,1,0,0,0
32777,80113,2010,0,0,1,0,0,0,1,0,1,0,0,0
59977,22243,2011,0,0,1,0,1,0,0,1,1,0,0,0
28977,81074,2008,0,0,1,0,0,0,0,0,1,0,1,0
9000,92670,2002,0,1,0,0,0,0,0,0,0,1,1,0
50995,12726,2013,0,0,1,0,1,0,0,0,0,0,1,1
21994,99493,2007,0,0,1,0,0,0,1,0,1,0,0,0
33998,118884,2009,0,0,1,0,0,0,0,1,1,0,0,0
55898,13897,2013,0,0,1,0,0,0,0,0,0,0,1,1
16991,101182,2005,1,0,0,0,1,0,1,0,0,1,0,0
11999,98073,2005,0,1,0,0,0,1,0,0,0,1,0,0
54900,10010,2012,0,0,1,0,1,0,1,0,0,0,0,1
47800,71494,2009,0,0,0,1,0,0,0,1,0,1,0,0
37995,62574,2011,0,0,1,0,1,0,0,0,1,0,1,0
20000,106035,2007,0,0,1,0,0,1,0,0,1,0,0,0
34990,59303,2008,0,0,1,0,0,0,0,1,1,0,0,0
74991,14319,2013,0,0,1,0,0,0,0,0,0,0,1,1
14990,70000,2004,0,1,0,0,0,0,1,0,0,1,0,0
46994,21356,2011,0,0,1,0,0,0,0,0,1,0,1,0
23917,80082,2007,0,0,1,0,0,0,0,0,1,0,1,0
32888,83768,2008,0,0,1,0,0,0,0,1,1,0,0,0
11000,70031,2001,0,1,0,0,1,0,1,0,0,1,0,0
4995,182000,2000,1,0,0,0,0,0,0,0,0,1,1,0
31991,53543,2007,0,0,1,0,0,0,0,0,1,0,1,0
64991,28210,2012,0,0,1,0,0,0,1,0,0,0,0,1
32996,20274,2010,0,0,1,0,0,1,0,0,1,0,0,0
27955,75220,2007,0,0,1,0,1,1,0,0,1,0,0,0
7995,134605,2003,0,0,0,1,0,0,0,0,1,0,1,0
36900,35452,2010,0,0,0,1,0,0,0,1,0,1,0,0
33491,62767,2009,0,0,1,0,0,0,0,0,1,0,1,0
14900,40085,2002,0,0,0,1,0,0,0,0,0,1,1,0
35993,49137,2008,0,0,1,0,0,0,0,0,1,0,1,0
24000,99300,2007,0,0,1,0,0,0,0,0,1,0,1,0
32985,63907,2008,0,0,1,0,0,1,0,0,1,0,0,0
32890,69852,2010,0,0,0,1,0,0,1,0,0,1,0,0
59888,37622,2012,0,0,1,0,0,0,0,1,0,0,0,1
27995,99852,2007,0,0,1,0,0,1,0,0,1,0,0,0
45000,45440,2010,0,0,1,0,1,0,0,1,1,0,0,0
15999,78345,2006,0,1,0,0,0,0,0,0,0,1,1,0
33970,47776,2008,0,0,1,0,1,0,0,1,1,0,0,0
46990,20027,2011,0,0,1,0,0,0,0,0,1,0,1,0
6990,130630,2000,0,1,0,0,0,0,0,1,0,1,0,0
27995,84196,2007,0,0,1,0,0,1,0,0,1,0,0,0
8995,104879,2003,1,0,0,0,0,0,0,0,0,1,1,0
4995,181361,1995,0,0,0,1,0,1,0,0,0,1,0,0
6999,156299,2000,0,1,0,0,0,0,0,0,0,1,1,0
60500,23900,2013,0,0,1,0,0,0,0,0,0,0,1,1
33995,41887,2007,0,0,1,0,1,0,1,0,1,0,0,0
9995,72452,2001,0,1,0,0,1,0,1,0,0,1,0,0
15499,86950,2007,0,0,1,0,1,0,0,0,1,0,1,0
50949,23879,2012,0,0,0,1,0,0,0,0,0,1,1,0
52995,13083,2011,0,0,1,0,1,1,0,0,1,0,0,0
33995,38425,2007,0,0,1,0,0,1,0,0,1,0,0,0
56900,22650,2013,0,0,1,0,0,0,0,1,0,0,0,1
5999,126548,1996,0,1,0,0,0,0,0,1,0,1,0,0
30950,57095,2007,0,0,1,0,0,0,0,0,1,0,1,0
22995,60275,2007,0,0,1,0,0,0,1,0,1,0,0,0
34995,58752,2010,0,0,0,1,0,0,0,0,0,1,1,0
44880,32223,2012,0,0,1,0,1,0,1,0,0,0,0,1
47995,44428,2013,0,0,1,0,1,0,0,0,0,0,1,1
38900,22512,2008,0,0,1,0,0,0,1,0,1,0,0,0
66888,38275,2010,0,0,0,1,1,0,0,1,0,1,0,0
16488,99416,2006,1,0,0,0,0,1,0,0,0,1,0,0
4800,120255,2001,0,1,0,0,0,0,0,0,0,1,1,0
57275,18487,2013,0,0,1,0,0,0,0,0,0,0,1,1
52877,30490,2011,0,0,1,0,0,0,0,1,1,0,0,0
52900,42868,2011,0,0,1,0,1,0,0,1,1,0,0,0
13998,56155,2003,1,0,0,0,1,1,0,0,0,1,0,0
27900,67600,2007,0,0,1,0,0,0,0,0,1,0,1,0
13995,83755,2003,0,1,0,0,0,0,1,0,0,1,0,0
35900,66631,2008,0,0,1,0,0,1,0,0,1,0,0,0
24950,86000,2007,0,0,1,0,0,1,0,0,1,0,0,0
10441,98747,2004,1,0,0,0,0,0,1,0,0,1,0,0
69991,23232,2009,0,0,1,0,0,0,0,0,1,0,1,0
11495,112562,2005,1,0,0,0,0,0,0,0,0,1,1,0
26984,54893,2007,0,0,1,0,0,0,1,0,1,0,0,0
45977,27495,2011,0,0,1,0,1,1,0,0,1,0,0,0
6995,112503,2000,1,0,0,0,0,1,0,0,0,1,0,0
28972,43760,2007,0,0,1,0,0,0,0,0,1,0,1,0
71949,19196,2013,0,0,1,0,1,0,1,0,0,0,0,1
51995,22307,2012,0,0,1,0,0,0,1,0,0,0,0,1
35995,45009,2009,0,0,1,0,0,0,0,0,1,0,1,0
31895,67862,2008,0,0,1,0,0,0,0,0,1,0,1,0
77991,9862,2013,0,0,1,0,0,0,0,0,0,0,1,1
58990,33329,2012,0,0,1,0,1,0,0,0,0,0,1,1
12993,103910,2005,0,1,0,0,1,0,0,0,0,1,1,0
9500,111615,2003,1,0,0,0,0,0,1,0,0,1,0,0
12995,92350,2001,1,0,0,0,0,0,0,0,0,1,1,0
64810,19389,2013,0,0,1,0,1,0,0,0,0,0,1,1
39988,55370,2010,0,0,1,0,0,1,0,0,1,0,0,0
14988,72332,2004,0,1,0,0,0,0,1,0,0,1,0,0
8000,114000,2001,1,0,0,0,0,1,0,0,0,1,0,0
18888,65608,2006,0,1,0,0,1,0,0,1,0,1,0,0
49999,5884,2011,0,0,1,0,0,0,0,0,1,0,1,0
24988,112106,2008,0,0,1,0,0,1,0,0,1,0,0,0
28895,65667,2008,0,0,1,0,0,0,0,0,1,0,1,0
12995,118892,2005,0,1,0,0,0,0,0,1,0,1,0,0
27995,75002,2007,0,0,1,0,0,0,0,1,1,0,0,0
6990,117352,2000,1,0,0,0,0,0,0,1,0,1,0,0
9900,131307,2005,1,0,0,0,0,0,0,0,0,1,1,0
16900,87142,2004,0,1,0,0,0,1,0,0,0,1,0,0
37995,56101,2008,0,0,1,0,0,0,1,0,1,0,0,0
52950,39062,2011,0,0,1,0,0,0,0,1,1,0,0,0
61999,25475,2012,0,0,1,0,1,0,0,0,0,0,1,1
51850,42724,2012,0,0,1,0,0,0,0,0,0,0,1,1
12994,78126,2003,1,0,0,0,0,0,0,0,0,1,1,0
56490,34481,2013,0,0,1,0,1,0,0,1,0,0,0,1
2997,154966,1997,0,0,0,1,0,0,0,0,0,1,1,0
51890,26909,2013,0,0,1,0,1,0,0,0,0,0,1,1
43999,35475,2011,0,0,1,0,0,1,0,0,1,0,0,0
30789,68176,2007,0,0,1,0,1,0,0,1,1,0,0,0
49995,50142,2007,0,0,0,1,0,1,0,0,0,1,0,0
52500,26900,2012,0,0,1,0,0,0,0,0,0,0,1,1
42995,69661,2010,0,0,1,0,0,0,1,0,1,0,0,0
6995,82745,1998,0,1,0,0,0,0,0,1,0,1,0,0
61900,25685,2012,0,0,0,1,0,0,0,0,0,1,1,0
26995,67805,2007,0,0,1,0,0,1,0,0,1,0,0,0
48995,17287,2012,0,0,1,0,0,0,0,1,0,0,0,1
64894,27295,2013,0,0,1,0,0,0,0,0,0,0,1,1
71995,42037,2012,0,0,0,1,0,0,1,0,1,0,0,0
13919,88617,2004,1,0,0,0,0,0,0,0,0,1,1,0
29999,42271,2010,0,0,0,1,1,0,1,0,0,1,0,0
57949,33003,2012,0,0,1,0,1,0,0,1,0,0,0,1
62992,30767,2012,0,0,1,0,1,0,0,0,0,0,1,1
24999,59082,2008,0,0,1,0,0,0,1,0,1,0,0,0
58995,13761,2013,0,0,1,0,1,0,1,0,0,0,0,1
59990,24021,2013,0,0,1,0,1,0,0,0,0,0,1,1
5995,155600,2001,1,0,0,0,0,0,1,0,0,1,0,0
36990,51720,2008,0,0,1,0,0,0,0,0,1,0,1,0
27900,58400,2007,0,0,1,0,0,1,0,0,1,0,0,0
44995,31000,2011,0,0,1,0,0,0,0,0,1,0,1,0
22995,49378,2003,0,0,0,1,0,0,0,0,0,1,1,0
28777,67540,2008,0,0,1,0,1,1,0,0,1,0,0,0
27966,57598,2008,0,0,1,0,0,0,0,1,1,0,0,0
15990,65752,2005,1,0,0,0,0,0,0,0,0,1,1,0
50395,36756,2010,0,0,1,0,0,1,0,0,1,0,0,0
6888,178984,2000,0,1,0,0,0,0,1,0,0,1,0,0
28500,61930,2008,0,0,1,0,0,1,0,0,1,0,0,0
6494,105947,1999,0,0,0,1,0,1,0,0,0,1,0,0
25410,100042,2008,0,0,1,0,0,0,0,1,1,0,0,0
6995,162000,2001,1,0,0,0,0,0,1,0,0,1,0,0
10800,106586,2004,0,1,0,0,0,0,1,0,0,1,0,0
24999,54401,2007,0,0,1,0,0,0,0,0,1,0,1,0
57991,26225,2012,0,0,1,0,0,0,0,1,0,0,0,1
17999,19552,2006,1,0,0,0,0,0,1,0,0,1,0,0
33900,61510,2007,0,0,0,1,0,1,0,0,1,0,0,0
24955,87389,2007,0,0,1,0,0,1,0,0,1,0,0,0
24999,127785,2009,0,0,1,0,0,0,0,0,1,0,1,0
49995,27776,2013,0,0,1,0,1,0,0,0,0,0,1,1
23551,100427,2007,0,0,1,0,0,1,0,0,1,0,0,0
4947,137412,2001,1,0,0,0,0,1,0,0,0,1,0,0
13900,116207,2005,0,1,0,0,0,0,0,0,0,1,1,0
26850,70050,2009,0,0,1,0,0,0,1,0,1,0,0,0
7000,111363,2003,1,0,0,0,0,0,1,0,0,1,0,0
51990,19832,2012,0,0,1,0,1,0,0,0,0,0,1,1
52995,28260,2011,0,0,1,0,1,0,0,0,1,0,1,0
29999,64786,2009,0,0,1,0,1,0,0,0,1,0,1,0
36900,27300,2007,0,0,1,0,0,0,0,0,1,0,1,0
46800,24339,2010,0,0,1,0,0,0,0,1,1,0,0,0
44799,52602,2011,0,0,1,0,0,0,0,0,1,0,1,0
3900,199000,1995,0,0,0,1,0,0,0,1,0,1,0,0
6295,163328,2000,1,0,0,0,0,0,1,0,0,1,0,0
34991,104022,2009,0,0,0,1,0,1,0,0,0,1,0,0
54789,14119,2012,0,0,1,0,0,0,0,0,0,0,1,1
36990,67145,2007,0,0,1,0,0,0,0,0,1,0,1,0
29995,92149,2008,0,0,1,0,1,0,0,0,1,0,1,0
11900,92879,2003,0,1,0,0,0,0,1,0,0,1,0,0
14991,90262,2005,0,0,0,1,0,0,1,0,1,0,0,0
34995,71861,2011,0,0,1,0,0,0,0,0,1,0,1,0
22995,96247,2008,0,0,1,0,0,1,0,0,1,0,0,0
9495,113755,2002,0,1,0,0,0,0,1,0,0,1,0,0
29999,69617,2007,0,0,1,0,0,1,0,0,1,0,0,0
79995,12005,2013,0,0,1,0,1,0,0,0,0,0,1,1
33978,75782,2008,0,0,0,1,0,0,0,0,0,1,1,0
7335,105163,2004,1,0,0,0,0,0,1,0,0,1,0,0
44884,45138,2009,0,0,1,0,0,0,0,1,1,0,0,0
1899,209874,2001,1,0,0,0,0,0,1,0,0,1,0,0
34900,89700,2010,0,0,1,0,0,0,1,0,1,0,0,0
10990,168438,2000,0,1,0,0,0,1,0,0,0,1,0,0
10995,38506,2002,0,1,0,0,0,1,0,0,0,1,0,0
48995,38224,2013,0,0,1,0,1,0,0,0,0,0,1,1
44810,34337,2010,0,0,1,0,0,0,0,0,1,0,1,0
33995,69600,2007,0,0,1,0,0,0,0,1,1,0,0,0
20990,85099,2007,0,0,1,0,0,1,0,0,1,0,0,0
31964,67185,2007,0,0,1,0,0,0,1,0,1,0,0,0
5900,105725,1996,0,0,0,1,0,0,0,0,0,1,1,0
28995,67500,2007,0,0,1,0,0,0,0,0,1,0,1,0
39888,49792,2008,0,0,1,0,0,0,0,0,1,0,1,0
62000,17363,2012,0,0,1,0,1,0,0,0,0,0,1,1
30650,66719,2007,0,0,1,0,0,0,1,0,1,0,0,0
44750,34643,2011,0,0,1,0,1,0,0,0,1,0,1,0
31995,83181,2008,0,0,1,0,0,0,0,0,1,0,1,0
32900,58831,2008,0,0,1,0,0,0,0,0,1,0,1,0
27500,60865,2007,0,0,1,0,0,0,1,0,1,0,0,0
7500,88853,1995,0,1,0,0,0,0,0,0,0,1,1,0
54800,21210,2013,0,0,1,0,0,0,0,0,0,0,1,1
8991,82535,2001,1,0,0,0,0,0,0,1,0,1,0,0
12981,107536,2004,1,0,0,0,0,0,0,0,0,1,1,0
24691,93987,2007,0,0,1,0,0,0,0,0,1,0,1,0
49795,31502,2012,0,0,1,0,0,0,0,0,0,0,1,1
25950,89658,2007,0,0,1,0,0,0,1,0,1,0,0,0
9999,131282,2003,1,0,0,0,0,0,0,0,0,1,1,0
23995,124322,2008,0,0,1,0,0,0,0,0,1,0,1,0
48900,56821,2010,0,0,1,0,0,0,0,1,1,0,0,0
33900,54450,2007,0,0,1,0,0,0,0,0,1,0,1,0
19688,69724,2006,0,1,0,0,0,1,0,0,0,1,0,0
29900,71581,2008,0,0,1,0,0,0,0,0,1,0,1,0
49990,43115,2010,0,0,1,0,0,0,0,0,1,0,1,0
12500,81343,2005,0,1,0,0,0,0,1,0,0,1,0,0
56800,45631,2012,0,0,1,0,0,0,1,0,0,0,0,1
4995,182524,2000,0,1,0,0,0,0,0,0,0,1,1,0
25599,81854,2007,0,0,1,0,1,0,0,0,1,0,1,0
24995,71032,2007,0,0,1,0,1,0,0,0,1,0,1,0
30995,69400,2009,0,0,1,0,0,1,0,0,1,0,0,0
27999,66899,2008,0,0,1,0,0,0,0,1,1,0,0,0
11978,77990,2002,0,0,0,1,0,0,1,0,0,1,0,0
5788,126002,2001,1,0,0,0,0,0,1,0,0,1,0,0
35877,63032,2009,0,0,1,0,0,0,0,0,1,0,1,0
37491,57714,2009,0,0,1,0,0,0,0,0,1,0,1,0
38995,39683,2011,0,0,1,0,0,0,0,0,1,0,1,0
39995,35571,2010,0,0,1,0,0,0,0,1,1,0,0,0
25995,66040,2007,0,0,1,0,0,1,0,0,1,0,0,0
40988,58250,2010,0,0,1,0,0,0,0,0,1,0,1,0
42975,51741,2010,0,0,1,0,0,0,0,0,1,0,1,0
20995,122137,2007,0,0,1,0,0,0,0,0,1,0,1,0
32966,40821,2007,0,0,1,0,0,0,0,1,1,0,0,0
43999,29865,2010,0,0,1,0,1,0,0,0,1,0,1,0
7995,166255,2002,0,1,0,0,0,0,0,0,0,1,1,0
36995,86300,2008,0,0,0,1,0,0,0,0,0,1,1,0
34388,54690,2009,0,0,1,0,0,1,0,0,1,0,0,0
28979,72193,2007,0,0,0,1,0,1,0,0,1,0,0,0
9999,120891,2003,1,0,0,0,0,0,1,0,0,1,0,0
23997,59735,2006,0,0,0,1,0,0,0,1,1,0,0,0
37989,35470,2010,0,0,0,1,0,0,1,0,0,1,0,0
49888,41955,2009,0,0,0,1,0,0,0,1,0,1,0,0
27999,86222,2009,0,0,1,0,0,1,0,0,1,0,0,0
30888,88113,2009,0,0,1,0,1,1,0,0,1,0,0,0
32914,71742,2007,0,0,0,1,0,1,0,0,1,0,0,0
23900,56006,2007,0,0,1,0,0,1,0,0,1,0,0,0
36992,37060,2007,0,0,1,0,1,1,0,0,1,0,0,0
32930,63062,2008,0,0,1,0,0,0,1,0,1,0,0,0
51888,27190,2010,0,0,1,0,0,1,0,0,1,0,0,0
2998,157581,1994,0,0,0,1,0,0,0,0,0,1,1,0
27550,68269,2008,0,0,1,0,0,0,0,1,1,0,0,0
29492,56538,2007,0,0,1,0,0,1,0,0,1,0,0,0
25900,48758,2005,0,1,0,0,1,1,0,0,0,1,0,0
26995,75381,2007,0,0,1,0,0,0,0,1,1,0,0,0
44900,57797,2009,0,0,1,0,1,0,0,1,1,0,0,0
34990,52877,2008,0,0,1,0,0,0,1,0,1,0,0,0
31998,92000,2010,0,0,1,0,0,1,0,0,1,0,0,0
25873,86312,2007,0,0,1,0,0,1,0,0,1,0,0,0
62995,12457,2013,0,0,1,0,0,0,0,0,0,0,1,1
29995,61582,2007,0,0,1,0,0,0,0,0,1,0,1,0
16999,74796,2005,0,1,0,0,0,0,0,0,0,1,1,0
14992,113738,2006,0,1,0,0,0,0,1,0,0,1,0,0
57777,47109,2010,0,0,1,0,0,0,0,1,1,0,0,0
28995,90210,2009,0,0,1,0,0,0,0,0,1,0,1,0
32992,77054,2008,0,0,1,0,0,0,0,1,1,0,0,0
11995,39574,2000,1,0,0,0,0,0,0,1,0,1,0,0
33949,50785,2009,0,0,1,0,0,0,0,0,1,0,1,0
45000,30376,2011,0,0,1,0,1,0,0,0,1,0,1,0
59950,20660,2012,0,0,1,0,0,1,0,0,0,0,0,1
21995,43267,2006,0,1,0,0,0,0,0,0,0,1,1,0
9998,119629,2003,1,0,0,0,0,1,0,0,0,1,0,0
43991,38264,2010,0,0,1,0,1,0,0,0,1,0,1,0
27693,71810,2007,0,0,1,0,0,0,0,0,1,0,1,0
26500,60756,2007,0,0,1,0,0,0,0,0,1,0,1,0
12995,94948,2003,0,1,0,0,0,0,1,0,0,1,0,0
5995,123478,2002,1,0,0,0,0,0,0,0,0,1,1,0
35890,39272,2008,0,0,1,0,1,1,0,0,1,0,0,0
38495,70150,2010,0,0,1,0,0,0,0,0,1,0,1,0
8995,110241,2004,0,1,0,0,0,1,0,0,0,1,0,0
24995,104861,2008,0,0,1,0,0,0,0,0,1,0,1,0
16950,83507,2006,1,0,0,0,0,1,0,0,0,1,0,0
7995,124176,2002,0,1,0,0,0,0,0,0,0,1,1,0
5900,142719,2000,1,0,0,0,0,1,0,0,0,1,0,0
23494,86228,2007,0,0,1,0,0,1,0,0,1,0,0,0
8988,85552,2002,1,0,0,0,0,0,1,0,0,1,0,0
49999,40129,2013,0,0,1,0,0,0,0,0,0,0,1,1
12500,174568,2005,1,0,0,0,0,0,0,0,0,1,1,0
27995,86209,2008,0,0,1,0,0,0,0,0,1,0,1,0
46900,30013,2010,0,0,1,0,0,0,0,0,1,0,1,0
68995,2325,2012,0,0,1,0,0,0,1,0,0,0,0,1
10999,140128,2001,0,0,0,1,0,0,1,0,0,1,0,0
7500,241010,2006,1,0,0,0,0,0,0,0,0,1,1,0
56981,30175,2012,0,0,1,0,0,0,0,0,0,0,1,1
16495,75012,2006,0,1,0,0,0,1,0,0,0,1,0,0
39850,90364,2008,0,0,0,1,0,0,0,0,0,1,1,0
38958,28112,2010,0,0,1,0,0,0,0,0,1,0,1,0
11498,127354,2006,1,0,0,0,0,1,0,0,0,1,0,0
36995,28303,2008,0,0,1,0,0,1,0,0,1,0,0,0
30995,62550,2008,0,0,1,0,0,1,0,0,1,0,0,0
8995,97778,1997,0,1,0,0,0,0,0,1,0,1,0,0
63990,19175,2012,0,0,1,0,1,0,0,0,0,0,1,1
21980,38389,2004,0,0,0,1,1,0,1,0,0,1,0,0
9800,131140,2004,1,0,0,0,0,0,1,0,0,1,0,0
35988,65467,2009,0,0,1,0,1,0,0,1,1,0,0,0
15900,83545,2002,0,0,0,1,0,0,0,0,0,1,1,0
54500,10285,2012,0,0,1,0,0,0,1,0,0,0,0,1
38995,44062,2012,0,0,1,0,1,0,0,0,0,0,1,1
5999,139572,2000,0,1,0,0,0,1,0,0,0,1,0,0
4950,105226,1995,0,1,0,0,0,0,1,0,0,1,0,0
33950,66761,2009,0,0,1,0,0,0,0,0,1,0,1,0
61990,21730,2013,0,0,0,1,0,0,0,1,0,1,0,0
45888,41590,2011,0,0,1,0,0,0,1,0,1,0,0,0
28888,82998,2007,0,0,1,0,0,1,0,0,1,0,0,0
4990,190642,1999,0,0,0,1,0,0,0,1,0,1,0,0
46995,58268,2009,0,0,0,1,1,0,0,0,0,1,1,0
4550,159380,2000,0,1,0,0,0,0,0,0,0,1,1,0
44999,30020,2011,0,0,1,0,1,0,1,0,1,0,0,0
22995,71565,2007,0,0,1,0,0,1,0,0,1,0,0,0
10900,112345,2006,1,0,0,0,0,0,1,0,0,1,0,0
13900,104401,2003,1,0,0,0,0,0,1,0,0,1,0,0
59991,27186,2013,0,0,1,0,0,0,0,0,0,0,1,1
35995,40421,2008,0,0,1,0,0,0,0,0,1,0,1,0
38990,35399,2010,0,0,1,0,1,0,0,0,1,0,1,0
42995,70459,2008,0,0,0,1,0,0,0,0,0,1,1,0
4990,105230,1997,0,1,0,0,0,1,0,0,0,1,0,0
35595,58334,2009,0,0,1,0,0,0,0,0,1,0,1,0
27990,76235,2008,0,0,1,0,0,0,0,0,1,0,1,0
26998,76757,2007,0,0,1,0,0,0,1,0,1,0,0,0
2100,230985,1995,0,0,0,1,0,0,0,1,0,1,0,0
22995,97268,2007,0,0,1,0,0,0,0,0,1,0,1,0
8991,112190,2003,0,1,0,0,0,1,0,0,0,1,0,0
69900,35205,2011,0,0,0,1,0,0,0,1,1,0,0,0
28765,88264,2009,0,0,1,0,0,0,0,0,1,0,1,0
11000,97041,2003,0,1,0,0,0,0,0,0,0,1,1,0
25989,99784,2007,0,0,1,0,0,1,0,0,1,0,0,0
58995,14747,2013,0,0,1,0,0,0,0,0,0,0,1,1
39495,48430,2011,0,0,1,0,0,0,0,0,1,0,1,0
34981,19640,2007,0,0,1,0,0,1,0,0,1,0,0,0
28800,62147,2008,0,0,1,0,0,0,0,0,1,0,1,0
46917,69302,2007,0,0,0,1,1,1,0,0,0,1,0,0
27995,64930,2007,0,0,1,0,0,0,0,1,1,0,0,0
77891,10321,2013,0,0,1,0,0,0,0,0,0,0,1,1
38900,68554,2010,0,0,1,0,1,0,0,1,1,0,0,0
21990,49700,2006,1,0,0,0,0,0,1,0,0,1,0,0
5988,106109,1994,0,0,0,1,0,1,0,0,0,1,0,0
33900,77556,2009,0,0,1,0,0,0,0,0,1,0,1,0
2999,87737,1995,0,0,0,1,0,1,0,0,0,1,0,0
13900,77850,2005,0,1,0,0,0,1,0,0,0,1,0,0
29900,80722,2009,0,0,1,0,0,0,1,0,1,0,0,0
61994,18572,2013,0,0,1,0,0,1,0,0,0,0,0,1
7950,76918,2000,0,1,0,0,0,1,0,0,0,1,0,0
38888,81200,2011,0,0,1,0,0,0,0,0,1,0,1,0
35995,48515,2009,0,0,1,0,0,0,0,1,1,0,0,0
63891,23001,2012,0,0,1,0,0,0,0,0,0,0,1,1
9990,51573,1995,0,1,0,0,0,1,0,0,0,1,0,0
68991,22142,2012,0,0,1,0,0,0,1,0,0,0,0,1
39999,27221,2012,0,0,1,0,0,0,0,0,0,0,1,1
29864,80466,2008,0,0,1,0,0,1,0,0,1,0,0,0
24995,110061,2008,0,0,1,0,0,0,0,0,1,0,1,0
35995,32500,2009,0,0,1,0,0,0,0,1,1,0,0,0
6900,169608,2002,1,0,0,0,0,0,0,0,0,1,1,0
11912,113505,2005,0,1,0,0,0,1,0,0,0,1,0,0
5800,120829,2000,0,1,0,0,0,0,0,0,0,1,1,0
44500,79801,2009,0,0,0,1,0,0,0,0,0,1,1,0
32900,42035,2008,0,0,1,0,1,0,0,0,1,0,1,0
33993,80766,2009,0,0,1,0,0,0,0,0,1,0,1,0
25995,80005,2007,0,0,1,0,0,0,0,0,1,0,1,0
9885,70423,2003,1,0,0,0,0,0,1,0,0,1,0,0
36861,24781,2007,0,0,0,1,0,0,1,0,1,0,0,0
42591,38364,2011,0,0,1,0,0,0,0,0,1,0,1,0
4995,155098,2000,0,1,0,0,0,1,0,0,0,1,0,0
33994,64764,2009,0,0,1,0,0,0,1,0,1,0,0,0
5995,149922,2000,1,0,0,0,0,0,0,0,0,1,1,0
3999,147000,1997,0,0,0,1,0,0,0,1,0,1,0,0
7995,150723,2000,0,1,0,0,0,0,0,0,0,1,1,0
15000,73925,2003,0,0,0,1,0,1,0,0,1,0,0,0
57000,43571,2009,0,0,1,0,0,0,0,0,1,0,1,0
14890,104118,2005,1,0,0,0,0,0,0,1,0,1,0,0
42900,14530,2011,0,0,1,0,0,0,0,0,1,0,1,0
5994,125193,2000,0,1,0,0,0,0,1,0,0,1,0,0
43995,47894,2011,0,0,1,0,1,0,0,0,1,0,1,0
6995,178000,2002,1,0,0,0,0,0,1,0,0,1,0,0
61900,17492,2013,0,0,1,0,1,0,0,1,0,0,0,1
18750,58600,2005,0,0,0,1,0,0,0,1,1,0,0,0
16990,82520,2006,0,1,0,0,0,0,1,0,0,1,0,0
28991,77977,2008,0,0,1,0,0,1,0,0,1,0,0,0
45998,29610,2009,0,0,1,0,0,0,0,1,1,0,0,0
30988,27561,2008,0,0,1,0,0,0,0,0,1,0,1,0
10700,96937,2009,0,0,1,0,0,0,0,1,1,0,0,0
29995,95766,2008,0,0,1,0,0,0,0,0,1,0,1,0
14988,41986,2000,0,1,0,0,0,1,0,0,0,1,0,0
45995,46521,2010,0,0,1,0,1,0,0,1,1,0,0,0
28592,89145,2007,0,0,1,0,1,1,0,0,1,0,0,0
29800,55492,2007,0,0,1,0,0,1,0,0,1,0,0,0
15995,94629,2006,1,0,0,0,0,1,0,0,0,1,0,0
6995,117828,2000,0,1,0,0,0,0,1,0,0,1,0,0
11777,112727,2006,1,0,0,0,0,0,0,1,0,1,0,0
39900,40894,2008,0,0,1,0,0,0,0,0,1,0,1,0
28000,93000,2008,0,0,1,0,0,1,0,0,1,0,0,0
35700,46403,2010,0,0,1,0,1,0,0,0,1,0,1,0
26999,105037,2007,0,0,1,0,0,0,0,0,1,0,1,0
2800,59690,2002,1,0,0,0,0,0,0,0,0,1,1,0
47991,34429,2010,0,0,1,0,0,0,0,1,1,0,0,0
8950,132009,2001,1,0,0,0,1,1,0,0,0,1,0,0
28888,76030,2008,0,0,1,0,0,0,0,1,1,0,0,0
70991,12926,2012,0,0,1,0,0,0,0,0,0,0,1,1
43900,45100,2012,0,0,1,0,1,0,1,0,0,0,0,1
8996,107104,2003,0,1,0,0,0,1,0,0,0,1,0,0
8985,123261,2002,1,0,0,0,0,1,0,0,0,1,0,0
33900,30672,2007,0,0,1,0,0,0,0,1,1,0,0,0
28994,57735,2007,0,0,1,0,1,0,0,0,1,0,1,0
9995,120575,2003,0,1,0,0,0,1,0,0,0,1,0,0
48999,38394,2012,0,0,1,0,0,1,0,0,0,0,0,1
15831,66458,2003,0,0,0,1,0,0,1,0,0,1,0,0
9995,116555,2000,1,0,0,0,0,1,0,0,0,1,0,0
30880,59745,2007,0,0,1,0,0,0,0,0,1,0,1,0
40999,36347,2011,0,0,1,0,0,0,0,0,1,0,1,0
8646,158920,2001,0,1,0,0,0,0,0,1,0,1,0,0
39991,72698,2010,0,0,1,0,0,0,0,0,1,0,1,0
10977,87754,2002,1,0,0,0,0,0,1,0,0,1,0,0
37777,36938,2010,0,0,0,1,0,1,0,0,0,1,0,0
13000,122000,2005,0,1,0,0,0,1,0,0,0,1,0,0
14699,105004,2006,1,0,0,0,0,0,0,0,0,1,1,0
10491,116869,2004,1,0,0,0,0,0,1,0,0,1,0,0
28995,82496,2008,0,0,1,0,0,0,0,0,1,0,1,0
57995,16660,2012,0,0,1,0,0,1,0,0,0,0,0,1
4490,145000,1998,0,0,0,1,0,0,1,0,0,1,0,0
35991,42796,2007,0,0,1,0,0,0,0,0,1,0,1,0
7999,126587,2000,1,0,0,0,0,1,0,0,0,1,0,0
8977,105817,2002,1,0,0,0,0,0,1,0,0,1,0,0
27875,71917,2007,0,0,1,0,0,1,0,0,1,0,0,0
29999,50351,2008,0,0,1,0,0,0,1,0,1,0,0,0
47998,30248,2011,0,0,1,0,0,0,0,0,1,0,1,0
15500,83203,2005,0,1,0,0,0,1,0,0,0,1,0,0
64833,18221,2008,0,0,1,0,0,1,0,0,1,0,0,0
26980,65252,2008,0,0,1,0,1,0,0,0,1,0,1,0
49995,25535,2011,0,0,1,0,0,0,0,0,1,0,1,0
12995,96250,2003,1,0,0,0,0,1,0,0,0,1,0,0
34434,63298,2009,0,0,1,0,0,0,0,0,1,0,1,0
42995,25994,2009,0,0,1,0,0,0,0,0,1,0,1,0
46995,32757,2012,0,0,1,0,0,0,0,0,0,0,1,1
62888,27548,2011,0,0,1,0,1,1,0,0,1,0,0,0
50995,48148,2013,0,0,1,0,0,0,0,0,0,0,1,1
10995,136597,2005,1,0,0,0,0,0,1,0,0,1,0,0
23990,61797,2005,0,0,0,1,0,0,0,0,0,1,1,0
22888,104810,2007,0,0,1,0,0,0,1,0,1,0,0,0
12850,118483,2003,1,0,0,0,0,0,1,0,0,1,0,0
7979,181772,2003,0,1,0,0,0,1,0,0,0,1,0,0
16991,85667,2006,1,0,0,0,0,1,0,0,0,1,0,0
8999,109920,2006,1,0,0,0,0,0,1,0,0,1,0,0
9995,112982,2003,0,1,0,0,0,0,1,0,0,1,0,0
29990,91047,2007,0,0,1,0,0,1,0,0,1,0,0,0
26999,87000,2007,0,0,1,0,0,0,1,0,1,0,0,0
45753,41412,2012,0,0,1,0,1,0,0,0,0,0,1,1
32152,53077,2007,0,0,1,0,0,0,0,0,1,0,1,0
35995,96978,2010,0,0,1,0,0,0,1,0,1,0,0,0
29900,74300,2008,0,0,1,0,0,0,0,0,1,0,1,0
6450,122319,2002,1,0,0,0,0,0,1,0,0,1,0,0
5444,190540,2000,0,1,0,0,0,0,1,0,0,1,0,0
9955,82924,2002,1,0,0,0,0,0,1,0,0,1,0,0
8850,88547,2002,0,1,0,0,0,0,0,0,0,1,1,0
35998,54739,2009,0,0,1,0,1,1,0,0,1,0,0,0
8995,154160,2003,0,1,0,0,0,0,0,0,0,1,1,0
47800,42696,2010,0,0,1,0,1,0,1,0,1,0,0,0
66916,9894,2012,0,0,1,0,0,0,0,1,0,0,0,1
49950,28140,2012,0,0,1,0,0,0,0,0,0,0,1,1
60000,9158,2011,0,0,1,0,1,0,0,0,1,0,1,0
38990,68399,2008,0,0,1,0,0,0,0,0,1,0,1,0
59995,14952,2013,0,0,1,0,0,1,0,0,0,0,0,1
6995,133828,2001,0,1,0,0,0,0,0,1,0,1,0,0
28750,81109,2008,0,0,1,0,0,1,0,0,1,0,0,0
10950,55301,2002,1,0,0,0,0,1,0,0,0,1,0,0
17995,69910,2006,1,0,0,0,0,1,0,0,0,1,0,0
38980,68845,2010,0,0,1,0,0,1,0,0,1,0,0,0
11995,91761,2005,1,0,0,0,0,0,0,0,0,1,1,0
35486,61069,2009,0,0,1,0,0,0,0,0,1,0,1,0
21494,104050,2007,0,0,1,0,0,0,0,1,1,0,0,0
27900,79566,2008,0,0,1,0,0,1,0,0,1,0,0,0
995,2e+05,2001,0,1,0,0,0,1,0,0,0,1,0,0
69800,18821,2013,0,0,1,0,0,0,0,1,0,0,0,1
68990,14285,2013,0,0,1,0,1,0,0,0,0,0,1,1
6995,163966,2001,0,1,0,0,0,0,0,0,0,1,1,0
39900,76196,2010,0,0,1,0,0,0,1,0,1,0,0,0
37593,68069,2010,0,0,1,0,0,0,0,0,1,0,1,0
12995,50736,2003,1,0,0,0,0,0,1,0,0,1,0,0
30922,52521,2007,0,0,1,0,0,0,0,0,1,0,1,0
13999,65574,2006,0,0,0,1,0,0,1,0,0,1,0,0
14991,72336,2005,0,1,0,0,0,0,0,0,0,1,1,0
45999,38217,2011,0,0,1,0,0,0,1,0,1,0,0,0
37850,63277,2010,0,0,1,0,0,0,0,0,1,0,1,0
8000,98887,1997,0,1,0,0,0,1,0,0,0,1,0,0
14995,134639,2006,0,0,0,1,0,0,0,0,0,1,1,0
32990,41381,2007,0,0,1,0,0,0,1,0,1,0,0,0
14500,123275,2005,1,0,0,0,0,0,0,0,0,1,1,0
40950,34052,2011,0,0,1,0,0,0,0,0,1,0,1,0
51994,38827,2012,0,0,1,0,1,0,0,0,0,0,1,1
12777,109000,2003,1,0,0,0,0,0,0,1,0,1,0,0
54222,32455,2012,0,0,1,0,0,1,0,0,0,0,0,1
29991,79212,2006,0,0,0,1,0,0,1,0,0,1,0,0
51990,20056,2012,0,0,1,0,0,0,0,0,0,0,1,1
31990,82559,2007,0,0,1,0,0,0,0,0,1,0,1,0
12993,79677,2004,0,0,0,1,0,0,1,0,0,1,0,0
4999,117556,2001,0,1,0,0,0,0,0,0,0,1,1,0
35995,72067,2010,0,0,1,0,0,0,0,0,1,0,1,0
36000,49361,2009,0,0,1,0,0,1,0,0,1,0,0,0
35994,102325,2007,0,0,1,0,0,0,0,0,1,0,1,0
6999,130429,2001,1,0,0,0,0,0,0,0,0,1,1,0
48994,36487,2011,0,0,1,0,1,0,0,0,1,0,1,0
47990,29000,2010,0,0,1,0,0,0,0,0,1,0,1,0
15999,84478,2006,1,0,0,0,0,0,1,0,0,1,0,0
22995,138066,2007,0,0,1,0,0,1,0,0,1,0,0,0
57750,44210,2007,0,0,0,1,1,0,0,0,0,1,1,0
13990,63090,2002,0,0,0,1,0,0,0,0,0,1,1,0
9919,112021,2003,1,0,0,0,0,0,0,0,0,1,1,0
11981,107439,2006,1,0,0,0,0,0,0,0,0,1,1,0
5999,69823,2002,1,0,0,0,0,0,0,0,0,1,1,0
6900,176228,2002,1,0,0,0,0,0,0,0,0,1,1,0
39995,67105,2009,0,0,1,0,1,0,1,0,1,0,0,0
12495,98264,2006,0,0,0,1,0,0,0,0,0,1,1,0
6995,148520,2001,1,0,0,0,0,1,0,0,0,1,0,0
52995,45247,2012,0,0,1,0,0,0,0,0,0,0,1,1
55995,19499,2012,0,0,1,0,0,0,0,1,0,0,0,1
42895,42345,2010,0,0,1,0,0,0,0,0,1,0,1,0
47994,59379,2011,0,0,1,0,0,0,0,0,1,0,1,0
11988,111018,2004,1,0,0,0,0,0,1,0,0,1,0,0
4990,114646,1999,0,0,0,1,0,1,0,0,0,1,0,0
43995,52039,2012,0,0,1,0,1,0,0,0,0,0,1,1
19000,117445,2007,0,0,1,0,0,0,0,0,1,0,1,0
22999,109609,2007,0,0,1,0,0,0,1,0,1,0,0,0
48777,36582,2008,0,0,1,0,0,0,0,1,1,0,0,0
7500,123397,2001,1,0,0,0,1,0,1,0,0,1,0,0
37990,19879,2007,0,0,1,0,0,1,0,0,1,0,0,0
38998,51959,2009,0,0,1,0,0,0,1,0,1,0,0,0
46990,42508,2010,0,0,1,0,0,0,0,0,1,0,1,0
44900,19823,2010,0,0,1,0,1,0,0,0,1,0,1,0
15991,99179,2004,0,0,0,1,0,0,1,0,0,1,0,0
65995,2714,2013,0,0,0,1,0,0,0,0,0,1,1,0
6995,123000,2000,1,0,0,0,0,0,1,0,0,1,0,0
27991,87338,2007,0,0,1,0,0,0,1,0,1,0,0,0
44999,63598,2009,0,0,1,0,0,1,0,0,1,0,0,0
33999,51702,2007,0,0,1,0,0,0,1,0,1,0,0,0
49999,30735,2012,0,0,1,0,1,0,1,0,0,0,0,1
20475,61357,2006,0,1,0,0,0,0,1,0,0,1,0,0
9999,103254,2001,0,0,0,1,0,0,0,0,0,1,1,0
9995,128546,2001,0,1,0,0,0,1,0,0,0,1,0,0
10988,86918,2002,1,0,0,0,0,1,0,0,0,1,0,0
4995,141101,1994,0,0,0,1,0,1,0,0,0,1,0,0
19990,81508,2006,0,0,0,1,0,0,0,0,0,1,1,0
21995,116950,2007,0,0,1,0,1,0,0,1,1,0,0,0
7995,126010,2004,1,0,0,0,0,0,1,0,0,1,0,0
26999,66653,2007,0,0,1,0,0,1,0,0,1,0,0,0
9988,120087,2001,0,0,0,1,0,0,1,0,0,1,0,0
76991,9371,2013,0,0,1,0,1,0,0,0,0,0,1,1
3200,126984,2001,0,1,0,0,0,1,0,0,0,1,0,0
27995,47942,2007,0,0,1,0,0,0,0,0,1,0,1,0
21900,115245,2008,0,0,1,0,1,0,0,0,1,0,1,0
79888,7153,2013,0,0,1,0,1,0,0,1,0,0,0,1
16999,71407,2006,1,0,0,0,1,1,0,0,0,1,0,0
31900,48423,2008,0,0,1,0,0,0,0,0,1,0,1,0
22990,106378,2007,0,0,1,0,0,1,0,0,1,0,0,0
11950,81437,2001,0,0,0,1,0,0,1,0,0,1,0,0
66991,26807,2013,0,0,1,0,1,0,0,1,0,0,0,1
28995,94669,2008,0,0,1,0,0,1,0,0,1,0,0,0
62900,22425,2012,0,0,1,0,0,0,0,0,0,0,1,1
74900,10103,2013,0,0,1,0,0,1,0,0,0,0,0,1
26994,58811,2007,0,0,1,0,1,0,1,0,1,0,0,0
65999,46517,2011,0,0,0,1,0,0,0,0,1,0,1,0
43990,52130,2008,0,0,0,1,1,0,0,0,0,1,1,0
29999,153000,2007,0,0,1,0,0,1,0,0,1,0,0,0
37490,68361,2011,0,0,1,0,1,0,0,0,1,0,1,0
8500,98648,1999,0,0,0,1,1,0,0,0,0,1,1,0
10980,101921,1994,0,0,0,1,0,0,1,0,0,1,0,0
39999,90009,2012,0,0,0,1,0,0,0,0,0,1,1,0
29995,50894,2009,0,0,1,0,0,0,1,0,1,0,0,0
9995,92940,2002,1,0,0,0,1,0,1,0,0,1,0,0
37995,35039,2008,0,0,1,0,0,0,0,1,1,0,0,0
22488,90452,2007,0,0,1,0,0,0,0,0,1,0,1,0
61991,13783,2012,0,0,1,0,0,0,0,0,0,0,1,1
24990,79898,2007,0,0,1,0,0,0,0,0,1,0,1,0
7988,88579,2001,0,1,0,0,0,0,1,0,0,1,0,0
47987,32161,2010,0,0,1,0,1,0,1,0,1,0,0,0
35555,36055,2008,0,0,1,0,1,0,0,1,1,0,0,0
21950,48831,2006,0,1,0,0,0,0,1,0,0,1,0,0
25970,80391,2007,0,0,1,0,0,0,0,0,1,0,1,0
22750,104246,2007,0,0,1,0,0,0,0,0,1,0,1,0
24555,80724,2007,0,0,1,0,0,1,0,0,1,0,0,0
66000,15205,2012,0,0,1,0,0,0,0,0,0,0,1,1
10599,79122,2004,1,0,0,0,0,0,1,0,0,1,0,0
39988,59426,2010,0,0,1,0,0,0,0,0,1,0,1,0
16980,61317,2004,0,0,0,1,0,1,0,0,1,0,0,0
63986,12692,2011,0,0,1,0,1,1,0,0,1,0,0,0
64991,23249,2013,0,0,1,0,0,0,0,1,0,0,0,1
47995,27995,2012,0,0,1,0,1,1,0,0,0,0,0,1
44990,33842,2011,0,0,1,0,0,0,0,0,1,0,1,0
30494,68799,2008,0,0,1,0,1,0,0,0,1,0,1,0
5203,140947,1996,0,0,0,1,0,1,0,0,0,1,0,0
6988,113801,1996,0,1,0,0,0,0,0,1,0,1,0,0
49800,46654,2010,0,0,1,0,0,0,0,0,1,0,1,0
52888,30351,2011,0,0,1,0,0,0,0,1,1,0,0,0
27674,81844,2008,0,0,1,0,0,0,0,0,1,0,1,0
48995,30994,2011,0,0,1,0,0,0,0,0,1,0,1,0
3995,184099,2002,1,0,0,0,0,1,0,0,0,1,0,0
6995,105015,1995,0,0,0,1,0,0,0,1,0,1,0,0
29900,64750,2008,0,0,1,0,0,0,0,1,1,0,0,0
18973,66159,2005,0,1,0,0,0,0,0,1,0,1,0,0
39810,51555,2009,0,0,1,0,1,0,0,0,1,0,1,0
25999,62105,2007,0,0,1,0,0,0,0,0,1,0,1,0
35980,83700,2009,0,0,1,0,0,0,0,1,1,0,0,0
53999,25101,2013,0,0,1,0,1,0,0,0,0,0,1,1
7995,101077,1997,0,1,0,0,0,0,0,0,0,1,1,0
41029,43189,2009,0,0,1,0,0,0,0,1,1,0,0,0
15995,110171,2006,1,0,0,0,0,0,0,0,0,1,1,0
33900,42312,2007,0,0,1,0,0,0,0,0,1,0,1,0
8991,141087,2002,0,1,0,0,0,0,0,0,0,1,1,0
9995,94356,2003,1,0,0,0,0,0,0,1,0,1,0,0
33999,22144,2008,0,0,1,0,0,0,0,0,1,0,1,0
4995,206395,1996,0,0,0,1,0,0,0,0,0,1,1,0
26990,100677,2009,0,0,1,0,0,0,0,1,1,0,0,0
58991,12142,2011,0,0,1,0,0,0,0,0,1,0,1,0
35499,66949,2010,0,0,1,0,0,0,1,0,1,0,0,0
63700,31533,2010,0,0,0,1,0,0,1,0,0,1,0,0
7995,125460,2003,1,0,0,0,0,0,0,0,0,1,1,0
11900,59385,2000,0,1,0,0,0,1,0,0,0,1,0,0
39988,43894,2009,0,0,1,0,0,0,0,1,1,0,0,0
22993,106497,2007,0,0,1,0,0,0,0,1,1,0,0,0
36944,19470,2008,0,0,1,0,1,0,1,0,1,0,0,0
29995,90451,2007,0,0,1,0,0,0,1,0,1,0,0,0
41990,44548,2010,0,0,1,0,1,0,0,0,1,0,1,0
56571,44516,2012,0,0,1,0,0,1,0,0,0,0,0,1
60999,16431,2012,0,0,1,0,0,0,0,0,0,0,1,1
11777,88041,2006,1,0,0,0,0,0,1,0,0,1,0,0
34995,88577,2012,0,0,1,0,0,0,0,0,0,0,1,1
72500,8600,2013,0,0,1,0,0,0,0,1,0,0,0,1
11988,87880,2002,0,0,0,1,0,0,0,0,0,1,1,0
6999,128394,1995,0,0,0,1,0,0,0,0,0,1,1,0
4995,138518,1997,0,0,0,1,1,0,0,0,0,1,1,0
7995,112356,2002,0,1,0,0,0,0,0,0,0,1,1,0
12799,133389,2006,1,0,0,0,0,0,0,0,0,1,1,0
22900,120000,2007,0,0,1,0,0,0,0,0,1,0,1,0
41981,58703,2009,0,0,0,1,0,1,0,0,0,1,0,0
59999,14750,2011,0,0,1,0,1,0,0,1,1,0,0,0
57995,19571,2011,0,0,1,0,0,1,0,0,1,0,0,0
27990,39889,2007,0,0,1,0,0,1,0,0,1,0,0,0
47690,59471,2007,0,0,0,1,0,0,0,0,0,1,1,0
7449,109661,2002,0,1,0,0,0,0,0,0,0,1,1,0
8900,140152,2002,0,1,0,0,0,0,0,1,0,1,0,0
65487,23101,2012,0,0,1,0,0,0,1,0,0,0,0,1
48995,29090,2011,0,0,1,0,0,0,0,0,1,0,1,0
36777,70463,2010,0,0,1,0,0,0,1,0,1,0,0,0
31000,54525,2008,0,0,1,0,0,0,0,1,1,0,0,0
49900,25200,2011,0,0,1,0,0,0,0,0,1,0,1,0
16900,67000,2006,1,0,0,0,0,0,0,0,0,1,1,0
55995,21921,2013,0,0,1,0,0,0,0,0,0,0,1,1
12892,129174,2005,0,1,0,0,0,0,1,0,0,1,0,0
53799,34000,2012,0,0,1,0,1,0,0,0,0,0,1,1
25995,85959,2008,0,0,1,0,0,1,0,0,1,0,0,0
16495,92999,2006,0,1,0,0,0,1,0,0,0,1,0,0
28995,91093,2007,0,0,1,0,0,0,1,0,1,0,0,0
12991,121896,2005,0,1,0,0,0,0,0,0,0,1,1,0
75900,1997,2013,0,0,0,1,0,0,0,0,0,1,1,0
21885,102900,2007,0,0,1,0,0,1,0,0,1,0,0,0
59995,21550,2013,0,0,1,0,0,0,0,0,0,0,1,1
18900,119550,2007,0,0,1,0,0,1,0,0,1,0,0,0
41995,43600,2011,0,0,1,0,1,0,0,0,1,0,1,0
22282,91765,2007,0,0,1,0,0,0,1,0,1,0,0,0
21995,108000,2007,0,0,1,0,0,0,0,1,1,0,0,0
26950,79479,2007,0,0,1,0,0,0,0,0,1,0,1,0
29800,67114,2007,0,0,1,0,0,1,0,0,1,0,0,0
16999,60110,2006,0,0,0,1,0,0,0,0,0,1,1,0
8488,91838,2000,0,1,0,0,0,1,0,0,0,1,0,0
10999,116289,2005,1,0,0,0,0,0,1,0,0,1,0,0
6995,141251,1996,0,0,0,1,0,0,0,1,0,1,0,0
39998,47713,2009,0,0,1,0,0,0,0,1,1,0,0,0
55995,33973,2011,0,0,1,0,0,1,0,0,1,0,0,0
48992,34842,2010,0,0,1,0,0,0,0,0,1,0,1,0
50900,31187,2011,0,0,1,0,1,0,0,1,1,0,0,0
49888,20257,2012,0,0,1,0,0,0,0,0,0,0,1,1
5995,112446,2002,0,1,0,0,1,0,1,0,0,1,0,0
13995,75941,2002,1,0,0,0,0,0,0,0,0,1,1,0
14900,118000,2006,1,0,0,0,0,1,0,0,0,1,0,0
38296,30805,2008,0,0,1,0,0,0,0,0,1,0,1,0
33991,65938,2008,0,0,1,0,0,0,1,0,1,0,0,0
49800,33278,2012,0,0,1,0,0,0,0,0,0,0,1,1
11980,105202,2004,0,1,0,0,0,1,0,0,0,1,0,0
12900,92165,2004,1,0,0,0,0,0,1,0,0,1,0,0
23743,99376,2008,0,0,1,0,0,1,0,0,1,0,0,0
38888,66689,2010,0,0,1,0,1,0,0,0,1,0,1,0
19999,106752,2007,0,0,1,0,0,1,0,0,1,0,0,0
55990,23088,2009,0,0,0,1,0,0,1,0,0,1,0,0
19997,127064,2008,0,0,1,0,0,0,0,1,1,0,0,0
18981,20852,2006,1,0,0,0,0,1,0,0,0,1,0,0
29999,47889,2007,0,0,1,0,0,0,0,0,1,0,1,0
28990,103921,2008,0,0,1,0,0,0,0,0,1,0,1,0
15178,85990,2006,0,0,0,1,1,0,1,0,0,1,0,0
59888,31048,2007,0,0,0,1,0,0,1,0,0,1,0,0
37988,63270,2011,0,0,1,0,0,0,1,0,1,0,0,0
34900,51000,2008,0,0,1,0,0,1,0,0,1,0,0,0
16000,95278,2006,1,0,0,0,0,0,0,1,0,1,0,0
11995,86863,2004,1,0,0,0,0,1,0,0,0,1,0,0
48999,35394,2011,0,0,1,0,0,1,0,0,1,0,0,0
55995,24948,2011,0,0,1,0,0,0,0,0,1,0,1,0
56999,22832,2013,0,0,1,0,0,0,0,0,0,0,1,1
13900,66231,2001,1,0,0,0,0,1,0,0,0,1,0,0
7957,139887,2003,1,0,0,0,0,0,1,0,0,1,0,0
14990,79174,2003,0,0,0,1,0,1,0,0,1,0,0,0
53750,50000,2011,0,0,1,0,0,0,1,0,1,0,0,0
78743,3779,2013,0,0,1,0,1,0,0,1,0,0,0,1
10990,72576,2002,1,0,0,0,0,1,0,0,0,1,0,0
14888,68622,2001,0,0,0,1,0,0,1,0,0,1,0,0
63689,13173,2013,0,0,1,0,1,0,0,0,0,0,1,1
49995,36357,2013,0,0,1,0,1,1,0,0,0,0,0,1
38974,51839,2010,0,0,1,0,0,0,0,1,1,0,0,0
2900,231760,2001,1,0,0,0,0,1,0,0,0,1,0,0
30995,50198,2008,0,0,1,0,0,1,0,0,1,0,0,0
20995,99645,2007,0,0,1,0,0,0,1,0,1,0,0,0
7995,117628,2002,1,0,0,0,0,1,0,0,0,1,0,0
30988,81515,2007,0,0,1,0,0,0,0,1,1,0,0,0
59982,26802,2012,0,0,1,0,1,1,0,0,0,0,0,1
8999,129692,2002,0,1,0,0,0,0,0,1,0,1,0,0
15888,116299,2006,0,1,0,0,0,0,0,0,0,1,1,0
29690,54037,2009,0,0,1,0,0,1,0,0,1,0,0,0
49998,52616,2011,0,0,1,0,0,1,0,0,1,0,0,0
10999,124177,2005,0,1,0,0,0,0,1,0,0,1,0,0
51981,28863,2011,0,0,1,0,1,0,1,0,1,0,0,0
48992,49343,2011,0,0,1,0,1,0,0,0,1,0,1,0
29992,67965,2008,0,0,1,0,0,0,0,0,1,0,1,0
21500,158000,2008,0,0,1,0,0,1,0,0,1,0,0,0
13990,69720,2001,0,0,0,1,0,0,1,0,0,1,0,0
48995,28930,2011,0,0,1,0,0,0,0,0,1,0,1,0
12888,157330,2005,0,1,0,0,0,0,0,0,0,1,1,0
20995,102656,2007,0,0,1,0,0,0,0,0,1,0,1,0
36995,89589,2007,0,0,1,0,0,0,0,0,1,0,1,0
72991,5562,2013,0,0,1,0,0,0,0,0,0,0,1,1
38990,61716,2010,0,0,1,0,0,1,0,0,1,0,0,0
58998,40219,2012,0,0,1,0,0,0,0,0,0,0,1,1
8100,131121,2002,0,0,0,1,0,1,0,0,0,1,0,0
